post_id,upload_date,media_type,likes,comments,shares,saves,reach,impressions,caption_length,hashtags_count,followers_gained,traffic_source,engagement_rate,content_category
POST_00180,2024-01-01,Reel,5838,549,85,479,48006,66978,385,4,411,Home Feed,14.48,Food
POST_00420,2024-01-02,Video,1726,82,50,260,13130,19137,297,27,62,Home Feed,16.13,Beauty
POST_00302,2024-01-02,Photo,175,16,2,8,1703,4249,292,14,17,Explore,11.8,Travel
POST_00163,2024-01-02,Photo,194,13,9,31,1525,3723,326,10,11,Hashtag,16.2,Fashion
POST_00032,2024-01-04,Reel,4790,480,243,575,35087,65866,185,20,81,Explore,17.35,Education
POST_00230,2024-01-04,Photo,1036,67,74,134,7262,12227,282,26,52,Explore,18.05,Food
POST_00431,2024-01-05,Reel,2152,252,143,201,14852,28658,139,26,122,Other,18.5,Beauty
POST_00390,2024-01-05,Video,1831,165,55,248,11884,18303,247,10,111,Explore,19.35,Beauty
POST_00366,2024-01-05,Reel,1513,159,116,160,30519,46910,116,5,209,Explore,6.38,Fitness
POST_00150,2024-01-06,Reel,4668,201,113,317,31958,57226,147,3,83,Home Feed,16.58,Beauty
POST_00290,2024-01-08,Photo,330,13,4,37,4072,7820,35,18,11,Home Feed,9.43,Beauty
POST_00184,2024-01-10,Carousel,480,33,37,26,15588,19550,116,2,102,Explore,3.7,Travel
POST_00224,2024-01-11,Reel,281,18,20,33,5968,13459,215,20,37,Home Feed,5.9,Lifestyle
POST_00483,2024-01-13,Photo,1473,155,74,278,13640,25647,45,18,73,Home Feed,14.52,Fitness
POST_00463,2024-01-13,Video,1976,107,156,277,19484,45615,36,24,226,Home Feed,12.91,Technology
POST_00003,2024-01-13,Video,2800,270,45,475,17069,27679,251,26,38,Hashtag,21.03,Beauty
POST_00021,2024-01-14,Photo,466,43,31,33,14631,24168,153,10,59,Home Feed,3.92,Lifestyle
POST_00498,2024-01-15,Reel,1259,104,94,231,9255,14437,338,11,133,Home Feed,18.24,Education
POST_00015,2024-01-16,Reel,2859,333,150,255,21967,46064,174,24,229,Home Feed,16.37,Technology
POST_00014,2024-01-17,Reel,7140,456,437,624,40201,57402,26,16,486,Hashtag,21.53,Food
POST_00237,2024-01-17,Reel,2937,154,70,394,34856,50775,389,12,305,Hashtag,10.2,Beauty
POST_00103,2024-01-17,Reel,1705,108,99,244,9780,17581,46,22,41,Home Feed,22.04,Travel
POST_00437,2024-01-19,Reel,4062,248,178,546,44575,94507,149,12,449,Hashtag,11.29,Fitness
POST_00474,2024-01-20,Carousel,2431,226,93,201,20625,39193,127,5,220,Direct,14.31,Fashion
POST_00343,2024-01-21,Reel,1595,114,57,112,19437,41913,128,5,238,Hashtag,9.66,Lifestyle
POST_00447,2024-01-21,Carousel,1488,54,65,83,19866,34473,387,14,208,Other,8.51,Education
POST_00444,2024-01-22,Reel,859,76,17,143,21035,48485,292,3,156,Hashtag,5.21,Food
POST_00049,2024-01-23,Photo,1925,171,58,359,13529,24100,78,4,120,Hashtag,18.57,Technology
POST_00419,2024-01-23,Photo,2636,229,107,274,14673,30085,234,23,51,Home Feed,22.12,Technology
POST_00064,2024-01-24,Reel,327,36,4,46,5105,11369,20,2,67,Direct,8.09,Technology
POST_00134,2024-01-25,Reel,2152,185,127,109,13595,23668,366,15,92,Home Feed,18.93,Lifestyle
POST_00322,2024-01-26,Video,1323,49,83,189,7450,14369,159,4,57,Home Feed,22.07,Food
POST_00287,2024-01-26,Photo,183,10,12,32,5440,7857,198,1,11,Home Feed,4.36,Fashion
POST_00414,2024-01-27,Photo,1662,58,36,250,11037,19253,133,17,136,Hashtag,18.18,Education
POST_00263,2024-01-28,Reel,4606,312,259,801,48753,111786,41,25,320,Direct,12.26,Lifestyle
POST_00101,2024-01-29,Reel,4785,366,273,753,31745,40625,98,13,291,Home Feed,19.46,Food
POST_00321,2024-01-30,Photo,367,32,29,28,2388,4608,100,25,20,Home Feed,19.1,Education
POST_00189,2024-01-30,Photo,102,4,6,13,1269,1542,144,6,11,Home Feed,9.85,Food
POST_00328,2024-01-30,Photo,1202,139,90,90,10816,19985,148,26,161,Hashtag,14.06,Technology
POST_00316,2024-01-30,Photo,215,22,10,30,4553,8945,115,4,19,Hashtag,6.08,Travel
POST_00234,2024-01-31,Photo,2229,182,96,165,13020,31586,87,29,120,Home Feed,20.52,Beauty
POST_00299,2024-01-31,Photo,420,24,5,41,4291,5979,93,29,37,Profile,11.42,Technology
POST_00319,2024-02-01,Reel,6329,413,323,430,38768,49790,29,13,471,Explore,19.33,Fashion
POST_00268,2024-02-01,Video,1086,90,17,145,11206,17781,50,27,34,Explore,11.94,Travel
POST_00222,2024-02-02,Photo,1395,56,30,242,11573,22650,373,18,82,Direct,14.89,Fashion
POST_00142,2024-02-02,Reel,2644,141,138,256,20282,24657,359,21,116,Profile,15.67,Beauty
POST_00107,2024-02-03,Photo,418,49,4,25,5790,12179,266,27,46,Home Feed,8.57,Technology
POST_00236,2024-02-04,Video,1183,119,34,231,8980,12194,71,22,109,Explore,17.45,Travel
POST_00334,2024-02-04,Reel,1355,133,106,88,14108,31393,116,12,95,Profile,11.92,Education
POST_00378,2024-02-05,Reel,1645,155,20,165,13906,24584,20,5,165,Explore,14.27,Technology
POST_00063,2024-02-05,Video,798,38,16,53,5041,11330,302,24,42,Home Feed,17.95,Lifestyle
POST_00489,2024-02-05,Carousel,274,18,15,14,5472,9383,357,12,26,Other,5.87,Beauty
POST_00332,2024-02-05,Video,982,55,24,61,6806,15111,230,16,28,Home Feed,16.49,Fitness
POST_00195,2024-02-05,Reel,4230,498,146,826,47240,104261,180,12,100,Home Feed,12.07,Fashion
POST_00085,2024-02-06,Reel,1320,101,59,71,13601,17526,118,27,49,Explore,11.4,Fitness
POST_00239,2024-02-06,Photo,70,4,1,4,2229,4546,304,23,21,Home Feed,3.54,Beauty
POST_00231,2024-02-06,Video,124,12,6,6,3058,5387,315,6,5,Home Feed,4.84,Lifestyle
POST_00365,2024-02-07,Carousel,1803,58,119,334,11234,27218,53,2,87,Explore,20.6,Education
POST_00371,2024-02-07,Reel,7163,366,358,1223,44338,99469,22,12,337,Profile,20.55,Lifestyle
POST_00283,2024-02-08,Reel,1873,166,61,214,36463,53427,327,23,59,Home Feed,6.35,Beauty
POST_00433,2024-02-08,Photo,709,47,24,101,5815,7845,164,16,28,Hashtag,15.15,Fitness
POST_00054,2024-02-10,Carousel,1757,148,24,233,17451,43449,219,14,165,Hashtag,12.39,Lifestyle
POST_00068,2024-02-10,Video,1083,43,72,184,8082,11521,106,28,45,Explore,17.1,Lifestyle
POST_00192,2024-02-10,Carousel,1505,172,73,260,14083,23366,190,19,162,Explore,14.27,Food
POST_00345,2024-02-11,Reel,2278,210,49,410,44778,108051,211,22,82,Home Feed,6.58,Lifestyle
POST_00330,2024-02-11,Reel,986,53,33,161,8726,11135,77,27,115,Direct,14.13,Technology
POST_00193,2024-02-13,Carousel,1195,139,38,236,16149,25604,78,11,148,Hashtag,9.96,Technology
POST_00011,2024-02-14,Reel,4608,508,125,382,43565,55684,292,14,364,Home Feed,12.91,Technology
POST_00133,2024-02-16,Reel,7143,304,419,416,39839,48378,33,9,293,Home Feed,20.79,Fitness
POST_00291,2024-02-17,Reel,1503,148,25,160,36890,44518,398,15,304,Explore,4.98,Beauty
POST_00042,2024-02-17,Photo,1338,84,79,232,9783,15085,334,1,107,Explore,17.71,Fashion
POST_00415,2024-02-17,Photo,761,48,15,132,10600,16304,218,27,74,Home Feed,9.02,Fashion
POST_00016,2024-02-17,Reel,4351,165,248,217,34759,50790,29,29,365,Explore,14.33,Fitness
POST_00255,2024-02-18,Reel,1658,136,90,171,45363,109715,43,25,468,Profile,4.53,Technology
POST_00256,2024-02-19,Photo,707,54,23,79,14605,18345,102,7,30,Hashtag,5.91,Fashion
POST_00044,2024-02-19,Carousel,857,84,35,46,19019,24989,198,25,86,Hashtag,5.37,Beauty
POST_00267,2024-02-20,Photo,1565,75,36,284,10556,19643,117,10,134,Home Feed,18.57,Lifestyle
POST_00286,2024-02-20,Reel,2542,199,172,182,47823,95683,340,8,246,Hashtag,6.47,Fitness
POST_00370,2024-02-21,Reel,1297,89,26,226,18178,26211,90,24,59,Home Feed,9.01,Fashion
POST_00070,2024-02-21,Carousel,1625,87,28,264,21440,35374,142,4,142,Home Feed,9.35,Technology
POST_00008,2024-02-22,Carousel,903,95,24,152,21259,40926,99,21,63,Explore,5.52,Technology
POST_00453,2024-02-22,Photo,519,44,20,45,12695,22813,202,16,21,Home Feed,4.95,Education
POST_00041,2024-02-22,Reel,2442,154,66,267,43559,69435,241,7,43,Home Feed,6.72,Technology
POST_00395,2024-02-23,Reel,2210,231,118,199,47641,104201,134,3,238,Home Feed,5.79,Technology
POST_00399,2024-02-24,Video,678,23,9,39,4137,7586,223,21,58,Profile,18.1,Travel
POST_00168,2024-02-24,Reel,5021,351,167,745,40133,61446,204,19,111,Direct,15.66,Fitness
POST_00472,2024-02-25,Carousel,2292,110,80,329,21733,39187,66,6,259,Home Feed,12.93,Fashion
POST_00271,2024-02-25,Video,1510,161,60,241,9519,22229,266,25,19,Hashtag,20.72,Fashion
POST_00135,2024-02-26,Carousel,1963,196,43,160,18140,33119,329,3,255,Hashtag,13.02,Food
POST_00002,2024-02-27,Carousel,358,18,21,38,6224,11781,130,23,12,Direct,6.99,Lifestyle
POST_00185,2024-02-27,Reel,1281,106,18,190,41142,53905,20,12,211,Home Feed,3.88,Education
POST_00432,2024-02-27,Video,1301,52,26,156,8295,15597,116,5,33,Home Feed,18.51,Technology
POST_00158,2024-02-27,Video,1154,86,62,86,17596,29713,100,12,218,Home Feed,7.89,Beauty
POST_00152,2024-02-28,Reel,2818,244,110,365,17201,22834,292,14,117,Home Feed,20.56,Technology
POST_00398,2024-02-29,Photo,1857,168,128,282,11828,15198,326,4,108,Hashtag,20.59,Lifestyle
POST_00499,2024-02-29,Carousel,688,58,53,93,17484,43335,150,3,109,Direct,5.1,Food
POST_00338,2024-03-02,Video,766,48,39,57,19824,32246,63,25,112,Home Feed,4.59,Fitness
POST_00219,2024-03-02,Photo,73,2,4,6,1956,3091,201,22,24,Explore,4.35,Technology
POST_00052,2024-03-04,Video,1179,58,36,67,14236,34098,176,11,123,Home Feed,9.41,Beauty
POST_00197,2024-03-05,Video,2161,96,32,220,17635,25407,125,2,173,Home Feed,14.23,Fashion
POST_00198,2024-03-06,Carousel,418,30,14,24,8895,12687,124,8,112,Direct,5.46,Food
POST_00443,2024-03-06,Reel,7364,411,334,982,42778,103925,356,24,573,Home Feed,21.25,Travel
POST_00422,2024-03-07,Video,244,23,8,15,3300,5950,93,29,14,Other,8.79,Beauty
POST_00376,2024-03-08,Reel,3358,116,117,215,32764,70322,62,9,44,Explore,11.62,Technology
POST_00359,2024-03-08,Carousel,2745,204,60,300,24636,30402,353,28,328,Hashtag,13.43,Travel
POST_00247,2024-03-08,Photo,44,1,1,5,1125,2023,217,19,10,Direct,4.53,Fitness
POST_00396,2024-03-09,Carousel,2417,269,188,251,15289,27285,210,15,172,Profile,20.44,Fitness
POST_00130,2024-03-11,Photo,1951,122,76,362,13080,29767,211,23,136,Home Feed,19.2,Fashion
POST_00277,2024-03-12,Video,2109,140,103,306,17552,26691,297,11,29,Profile,15.14,Beauty
POST_00007,2024-03-12,Reel,2268,123,24,400,18547,38214,239,4,124,Hashtag,15.18,Travel
POST_00119,2024-03-12,Carousel,1424,104,36,198,19002,37999,260,11,69,Profile,9.27,Technology
POST_00117,2024-03-14,Video,589,29,20,37,4920,12278,241,27,49,Home Feed,13.72,Lifestyle
POST_00441,2024-03-16,Reel,1914,140,37,293,41041,75109,156,22,52,Home Feed,5.81,Beauty
POST_00435,2024-03-17,Reel,4031,376,84,460,39084,83626,248,28,483,Home Feed,12.67,Travel
POST_00175,2024-03-19,Photo,297,15,4,19,4155,9820,233,2,38,Explore,8.06,Beauty
POST_00136,2024-03-19,Reel,704,57,31,105,17803,21807,228,29,80,Home Feed,5.04,Food
POST_00401,2024-03-20,Reel,7986,446,117,868,49139,62969,227,1,373,Hashtag,19.16,Food
POST_00038,2024-03-20,Reel,4633,319,301,646,44499,98638,73,26,498,Explore,13.26,Lifestyle
POST_00458,2024-03-20,Photo,1297,68,83,195,8622,12192,61,6,25,Explore,19.06,Travel
POST_00312,2024-03-20,Reel,5872,607,372,983,40941,82105,225,11,384,Other,19.13,Fashion
POST_00161,2024-03-21,Reel,1452,79,15,269,16561,36774,167,2,237,Explore,10.96,Education
POST_00327,2024-03-21,Photo,117,9,6,8,1454,3304,359,19,17,Explore,9.63,Beauty
POST_00382,2024-03-21,Photo,164,13,11,26,1140,2272,243,10,10,Explore,18.77,Travel
POST_00470,2024-03-22,Carousel,704,67,30,108,14543,17965,395,25,204,Home Feed,6.25,Beauty
POST_00138,2024-03-22,Video,653,67,46,72,5453,11933,108,17,50,Home Feed,15.37,Fashion
POST_00033,2024-03-22,Reel,2930,257,139,351,37981,76366,208,16,480,Home Feed,9.68,Beauty
POST_00177,2024-03-23,Photo,383,18,25,45,4814,9618,181,21,43,Home Feed,9.78,Lifestyle
POST_00425,2024-03-23,Reel,5204,285,99,1031,33552,55507,195,16,309,Hashtag,19.73,Education
POST_00460,2024-03-24,Reel,2824,264,90,278,31122,67963,120,21,249,Other,11.1,Food
POST_00091,2024-03-24,Reel,1610,189,72,244,34545,60876,114,2,129,Home Feed,6.12,Travel
POST_00076,2024-03-24,Video,2511,103,87,475,15629,37503,184,15,43,Direct,20.32,Technology
POST_00202,2024-03-25,Reel,1154,103,68,96,11099,17143,337,21,30,Hashtag,12.8,Fashion
POST_00300,2024-03-25,Reel,1203,61,46,67,9033,14428,211,22,18,Home Feed,15.24,Fashion
POST_00293,2024-03-26,Video,1248,84,41,109,16287,20292,73,5,97,Home Feed,9.1,Travel
POST_00088,2024-03-28,Photo,928,92,15,176,8294,20337,387,23,59,Explore,14.6,Education
POST_00461,2024-03-31,Reel,2349,199,111,355,14160,26552,64,1,147,Explore,21.29,Technology
POST_00166,2024-04-01,Video,2009,68,138,347,14197,29736,220,17,93,Explore,18.05,Fashion
POST_00464,2024-04-01,Photo,488,40,35,74,7652,17932,92,9,89,Hashtag,8.32,Food
POST_00279,2024-04-03,Video,2342,246,132,258,17577,43755,394,2,28,Home Feed,16.94,Technology
POST_00331,2024-04-05,Reel,3183,267,149,587,28616,46773,217,22,361,Hashtag,14.63,Fitness
POST_00313,2024-04-07,Reel,3374,156,42,303,34165,56787,97,2,382,Hashtag,11.34,Beauty
POST_00274,2024-04-07,Carousel,1196,43,14,218,15373,21646,313,10,204,Other,9.57,Food
POST_00254,2024-04-07,Reel,1644,113,124,108,14110,34993,388,21,58,Hashtag,14.1,Fashion
POST_00061,2024-04-08,Reel,621,40,17,35,15361,35965,123,13,227,Other,4.64,Beauty
POST_00485,2024-04-08,Photo,156,14,8,18,1072,2391,173,8,10,Hashtag,18.28,Lifestyle
POST_00273,2024-04-08,Carousel,720,26,20,59,7612,16666,292,10,67,Direct,10.84,Food
POST_00174,2024-04-11,Reel,2042,218,87,347,40046,82381,339,13,349,Hashtag,6.73,Lifestyle
POST_00023,2024-04-11,Reel,2484,111,119,255,22773,50876,145,16,224,Home Feed,13.04,Fashion
POST_00210,2024-04-12,Reel,6867,778,332,704,41336,60656,37,29,377,Hashtag,21.0,Technology
POST_00477,2024-04-12,Reel,4767,149,302,671,36007,73951,98,22,101,Explore,16.36,Lifestyle
POST_00353,2024-04-14,Photo,445,52,23,61,3863,6563,116,26,11,Profile,15.04,Lifestyle
POST_00407,2024-04-14,Reel,2993,198,110,551,29489,69882,303,5,399,Home Feed,13.06,Fashion
POST_00405,2024-04-17,Reel,1462,87,110,130,8654,15009,81,26,58,Hashtag,20.67,Fashion
POST_00449,2024-04-17,Reel,3609,417,152,717,34344,65564,187,13,513,Hashtag,14.25,Fitness
POST_00079,2024-04-17,Reel,4959,329,323,262,38226,83877,246,17,413,Hashtag,15.36,Fitness
POST_00108,2024-04-18,Video,3007,319,181,350,18690,46328,283,22,199,Explore,20.64,Fitness
POST_00111,2024-04-18,Reel,1686,169,35,295,15181,20612,66,8,145,Hashtag,14.39,Beauty
POST_00207,2024-04-18,Reel,1833,56,19,318,20563,45238,75,16,32,Explore,10.83,Technology
POST_00297,2024-04-19,Video,869,43,69,83,13865,23269,84,19,41,Home Feed,7.67,Food
POST_00373,2024-04-19,Reel,1997,206,148,167,38174,69776,51,23,342,Profile,6.6,Education
POST_00245,2024-04-19,Reel,299,22,4,18,6239,9532,203,6,59,Explore,5.5,Lifestyle
POST_00039,2024-04-20,Photo,1870,133,78,373,12128,25727,203,26,144,Explore,20.23,Beauty
POST_00315,2024-04-21,Video,1008,112,53,54,6114,8075,346,26,39,Explore,20.07,Fitness
POST_00017,2024-04-21,Reel,1381,126,21,249,25172,47740,53,22,358,Hashtag,7.06,Fashion
POST_00098,2024-04-22,Photo,189,5,7,17,2560,5133,69,29,5,Other,8.52,Fitness
POST_00229,2024-04-22,Carousel,1704,108,95,259,18360,27393,125,1,73,Explore,11.8,Fitness
POST_00129,2024-04-22,Reel,2309,84,113,315,35027,60889,101,5,197,Home Feed,8.05,Fitness
POST_00028,2024-04-22,Photo,576,66,26,53,9920,24703,45,7,102,Hashtag,7.27,Food
POST_00476,2024-04-23,Carousel,562,37,23,39,13793,18442,224,19,89,Hashtag,4.79,Education
POST_00482,2024-04-24,Photo,1583,104,78,192,14031,20553,365,4,113,Home Feed,13.95,Technology
POST_00006,2024-04-24,Reel,3221,201,198,430,33541,83596,229,20,464,Hashtag,12.07,Technology
POST_00221,2024-04-25,Photo,192,17,11,32,4953,9819,269,12,14,Hashtag,5.09,Beauty
POST_00481,2024-04-26,Photo,2006,233,44,203,13323,32692,38,22,51,Profile,18.66,Food
POST_00066,2024-04-26,Photo,691,43,39,52,9619,12554,249,26,88,Explore,8.58,Food
POST_00227,2024-04-27,Carousel,280,9,17,18,3281,5380,267,7,44,Explore,9.88,Lifestyle
POST_00102,2024-04-27,Photo,151,9,3,23,4638,10273,89,4,39,Hashtag,4.01,Fashion
POST_00235,2024-04-27,Reel,5595,347,336,830,42946,64973,324,12,255,Hashtag,16.55,Fashion
POST_00069,2024-04-29,Reel,740,56,42,80,6925,14566,60,16,36,Home Feed,13.26,Technology
POST_00018,2024-04-29,Photo,1940,144,148,327,11960,15855,55,1,61,Profile,21.4,Food
POST_00336,2024-04-30,Reel,2800,213,185,417,40643,72029,42,2,143,Explore,8.89,Fitness
POST_00241,2024-05-01,Carousel,4002,206,159,269,23969,54187,28,6,224,Hashtag,19.34,Technology
POST_00292,2024-05-01,Reel,1700,51,135,318,18598,40716,80,1,82,Hashtag,11.85,Technology
POST_00459,2024-05-01,Reel,4863,441,342,860,28711,46778,231,4,374,Home Feed,22.66,Fitness
POST_00188,2024-05-02,Photo,75,8,2,5,1629,2105,279,2,11,Direct,5.52,Beauty
POST_00356,2024-05-02,Photo,194,18,8,18,2177,3134,313,2,6,Home Feed,10.93,Travel
POST_00190,2024-05-03,Reel,2380,241,96,224,15831,38682,101,8,33,Explore,18.58,Education
POST_00251,2024-05-04,Reel,1085,60,31,153,11638,23892,84,21,110,Home Feed,11.42,Lifestyle
POST_00090,2024-05-05,Photo,1565,120,76,221,8867,21773,336,8,114,Hashtag,22.35,Fashion
POST_00005,2024-05-05,Reel,873,34,62,55,16536,34235,91,8,95,Home Feed,6.19,Beauty
POST_00379,2024-05-05,Video,530,57,21,95,6146,13203,80,13,54,Explore,11.44,Fitness
POST_00340,2024-05-06,Reel,982,102,41,52,13927,18316,301,18,95,Home Feed,8.45,Fitness
POST_00120,2024-05-06,Photo,1720,167,79,124,12163,19438,288,5,131,Direct,17.18,Fitness
POST_00220,2024-05-06,Video,270,19,14,28,3939,9744,305,21,19,Explore,8.4,Food
POST_00451,2024-05-07,Video,2312,88,156,188,16996,31718,360,10,85,Hashtag,16.14,Education
POST_00272,2024-05-07,Video,2624,127,31,508,15669,31763,141,20,141,Home Feed,21.0,Fitness
POST_00468,2024-05-07,Carousel,1734,76,107,286,20727,51413,151,10,304,Hashtag,10.63,Fitness
POST_00282,2024-05-07,Reel,501,49,36,75,5302,11876,133,8,53,Explore,12.47,Lifestyle
POST_00148,2024-05-08,Photo,1008,94,37,115,13003,17458,325,24,77,Profile,9.64,Fashion
POST_00413,2024-05-08,Carousel,402,24,6,69,4798,6083,311,13,44,Home Feed,10.44,Technology
POST_00352,2024-05-13,Carousel,1169,70,63,63,9471,21705,397,27,141,Other,14.41,Education
POST_00500,2024-05-13,Carousel,738,64,36,99,4735,6548,382,25,27,Hashtag,19.79,Lifestyle
POST_00164,2024-05-14,Photo,1290,102,88,191,7477,16621,124,26,70,Explore,22.35,Fitness
POST_00123,2024-05-14,Reel,5320,618,74,666,33706,59117,98,27,463,Hashtag,19.81,Food
POST_00424,2024-05-14,Photo,1468,80,38,107,10435,20776,120,8,91,Home Feed,16.22,Lifestyle
POST_00304,2024-05-15,Photo,166,8,10,32,1574,2806,206,8,10,Hashtag,13.72,Fitness
POST_00048,2024-05-15,Photo,687,33,46,97,7047,12093,233,20,101,Explore,12.25,Beauty
POST_00410,2024-05-15,Reel,3964,220,103,442,29611,72618,206,21,386,Home Feed,15.97,Fashion
POST_00397,2024-05-15,Carousel,1458,45,62,162,15208,33605,189,16,20,Hashtag,11.36,Food
POST_00357,2024-05-15,Reel,350,28,19,19,9760,16308,138,11,31,Explore,4.26,Travel
POST_00118,2024-05-15,Reel,2286,119,39,170,30658,69230,391,21,230,Home Feed,8.53,Technology
POST_00203,2024-05-15,Reel,6397,285,67,908,47267,58007,309,4,626,Home Feed,16.2,Travel
POST_00375,2024-05-15,Reel,1670,195,86,316,9431,12305,101,28,107,Hashtag,24.04,Food
POST_00155,2024-05-16,Carousel,1929,224,28,183,15473,25098,151,10,111,Explore,15.28,Education
POST_00469,2024-05-16,Reel,1190,136,52,99,9358,20621,357,11,93,Hashtag,15.78,Travel
POST_00081,2024-05-16,Carousel,647,54,47,83,3899,7226,243,28,51,Home Feed,21.31,Food
POST_00106,2024-05-17,Reel,1135,100,24,114,7356,9379,311,20,11,Home Feed,18.67,Travel
POST_00094,2024-05-18,Photo,1153,114,66,221,8179,14487,43,16,20,Other,19.0,Lifestyle
POST_00402,2024-05-19,Carousel,1842,106,144,284,18945,45058,60,4,43,Profile,12.54,Food
POST_00004,2024-05-20,Photo,1466,85,35,154,11445,18688,198,3,107,Home Feed,15.2,Beauty
POST_00418,2024-05-21,Reel,1493,135,116,239,47668,73098,108,13,429,Explore,4.16,Lifestyle
POST_00242,2024-05-22,Carousel,1397,65,102,198,11467,26600,270,17,77,Hashtag,15.37,Travel
POST_00072,2024-05-22,Reel,1084,33,34,179,31015,63061,317,2,327,Home Feed,4.29,Fashion
POST_00037,2024-05-22,Reel,4050,303,229,463,48408,110074,40,11,320,Explore,10.42,Education
POST_00031,2024-05-22,Photo,499,19,37,92,4496,10316,94,16,12,Hashtag,14.39,Lifestyle
POST_00488,2024-05-22,Reel,3120,95,112,277,42957,96107,111,23,286,Explore,8.39,Beauty
POST_00490,2024-05-22,Carousel,2499,95,49,361,20091,48009,200,2,75,Home Feed,14.95,Beauty
POST_00280,2024-05-22,Video,1508,90,49,245,17504,23261,76,25,62,Profile,10.81,Travel
POST_00403,2024-05-24,Photo,1529,94,102,120,14350,19817,51,11,140,Hashtag,12.86,Beauty
POST_00381,2024-05-25,Reel,1093,111,57,89,18076,25425,199,11,193,Hashtag,7.47,Fitness
POST_00306,2024-05-26,Carousel,950,91,30,151,10848,25515,200,12,73,Explore,11.26,Lifestyle
POST_00067,2024-05-28,Reel,1402,49,100,149,11090,19117,191,21,137,Explore,15.33,Technology
POST_00056,2024-05-30,Carousel,2540,107,190,446,20301,29864,215,17,88,Hashtag,16.17,Technology
POST_00159,2024-05-30,Reel,4092,373,238,276,38297,65595,344,23,542,Home Feed,13.0,Travel
POST_00314,2024-05-31,Carousel,342,21,23,67,4667,10418,35,26,25,Explore,9.71,Technology
POST_00170,2024-06-01,Photo,931,32,38,102,13668,17084,284,12,44,Home Feed,8.07,Food
POST_00362,2024-06-02,Photo,2032,204,107,185,12214,18992,98,5,47,Home Feed,20.7,Fitness
POST_00393,2024-06-02,Reel,6244,538,75,456,36010,54894,116,8,39,Hashtag,20.31,Education
POST_00386,2024-06-03,Video,1824,80,128,182,15645,38230,90,21,122,Home Feed,14.15,Travel
POST_00480,2024-06-05,Photo,935,65,71,149,6101,13472,266,12,55,Explore,20.0,Education
POST_00445,2024-06-06,Video,873,102,46,45,5040,10431,136,5,44,Home Feed,21.15,Food
POST_00187,2024-06-06,Video,496,42,7,32,13970,18073,151,10,43,Home Feed,4.13,Education
POST_00211,2024-06-08,Photo,1487,75,21,155,10847,14728,201,10,152,Home Feed,16.02,Beauty
POST_00355,2024-06-09,Reel,1897,176,112,318,31523,61914,106,12,206,Other,7.94,Fashion
POST_00320,2024-06-09,Reel,3664,304,185,699,30426,59451,144,8,319,Home Feed,15.95,Food
POST_00351,2024-06-10,Photo,1655,101,34,180,10218,17706,74,8,84,Home Feed,19.28,Travel
POST_00364,2024-06-10,Photo,1322,85,90,119,12022,19095,362,12,124,Explore,13.44,Fitness
POST_00104,2024-06-10,Photo,406,12,10,80,2927,3733,290,18,29,Profile,17.36,Beauty
POST_00110,2024-06-10,Reel,3395,376,156,344,25049,34690,209,19,132,Home Feed,17.05,Food
POST_00182,2024-06-14,Reel,1643,133,61,228,26927,50242,37,5,240,Profile,7.67,Education
POST_00100,2024-06-15,Reel,3241,322,68,167,22650,31656,354,6,56,Explore,16.77,Food
POST_00487,2024-06-17,Reel,1578,61,76,98,15106,30589,193,25,64,Profile,12.0,Lifestyle
POST_00497,2024-06-18,Photo,329,10,9,18,4610,10962,203,18,16,Home Feed,7.94,Education
POST_00238,2024-06-18,Reel,1690,136,54,265,14200,33412,382,10,178,Explore,15.11,Education
POST_00465,2024-06-19,Carousel,1313,141,47,178,10421,24299,33,8,56,Hashtag,16.11,Food
POST_00421,2024-06-19,Video,2656,179,174,240,17222,33323,222,16,65,Hashtag,18.87,Beauty
POST_00040,2024-06-21,Photo,330,16,17,54,4117,5133,378,14,10,Direct,10.13,Food
POST_00223,2024-06-22,Reel,2792,156,66,300,21001,45624,333,7,210,Hashtag,15.78,Beauty
POST_00270,2024-06-22,Reel,4324,258,154,542,28196,59086,131,14,52,Home Feed,18.72,Fashion
POST_00036,2024-06-23,Video,1163,135,84,143,11768,16075,195,14,28,Direct,12.96,Fashion
POST_00157,2024-06-23,Photo,776,40,38,89,5732,10425,369,6,10,Profile,16.45,Fashion
POST_00406,2024-06-24,Carousel,714,68,11,130,21743,35909,174,29,180,Hashtag,4.25,Education
POST_00046,2024-06-25,Photo,508,52,38,51,9905,19017,131,20,84,Profile,6.55,Food
POST_00377,2024-06-27,Video,1362,102,18,160,8542,15763,124,15,50,Home Feed,19.22,Travel
POST_00479,2024-06-28,Carousel,1338,70,31,75,9764,16545,290,10,109,Other,15.51,Fitness
POST_00491,2024-06-28,Photo,106,10,5,12,2804,5307,150,4,33,Profile,4.74,Beauty
POST_00078,2024-06-30,Reel,4689,348,318,280,31630,62884,228,23,338,Home Feed,17.82,Beauty
POST_00259,2024-06-30,Photo,1049,64,61,63,7527,16136,335,27,26,Home Feed,16.43,Education
POST_00454,2024-06-30,Carousel,529,46,22,95,5852,7417,171,26,24,Home Feed,11.83,Food
POST_00448,2024-07-02,Video,815,29,12,149,19633,40174,113,2,275,Other,5.12,Education
POST_00045,2024-07-02,Reel,2671,180,148,215,40488,97901,295,13,47,Home Feed,7.94,Fitness
POST_00059,2024-07-04,Reel,2236,130,86,262,28398,64255,265,12,66,Explore,9.56,Fitness
POST_00128,2024-07-04,Carousel,140,16,7,22,3352,5624,117,26,36,Hashtag,5.52,Fashion
POST_00186,2024-07-04,Photo,467,17,25,60,7430,15834,235,17,22,Home Feed,7.66,Travel
POST_00446,2024-07-05,Carousel,1371,115,39,236,12654,22789,325,2,130,Profile,13.92,Beauty
POST_00075,2024-07-05,Video,920,29,43,124,5389,12505,82,23,53,Explore,20.71,Beauty
POST_00438,2024-07-08,Video,517,34,16,91,5683,10835,371,5,58,Home Feed,11.58,Technology
POST_00380,2024-07-08,Reel,3629,167,57,226,49814,109350,289,5,231,Home Feed,8.19,Fashion
POST_00077,2024-07-08,Video,641,43,22,69,4430,8120,206,13,40,Home Feed,17.49,Fitness
POST_00176,2024-07-10,Reel,8099,943,300,1105,46089,93453,297,10,608,Home Feed,22.67,Lifestyle
POST_00215,2024-07-10,Video,648,68,40,40,3742,7070,314,16,53,Home Feed,21.27,Fashion
POST_00053,2024-07-12,Carousel,3332,303,150,184,21333,39381,210,2,134,Explore,18.6,Food
POST_00043,2024-07-13,Reel,5352,185,213,404,34781,58020,347,26,208,Explore,17.69,Lifestyle
POST_00071,2024-07-13,Video,551,57,16,37,8917,22009,350,8,92,Profile,7.41,Technology
POST_00301,2024-07-13,Reel,2190,65,41,198,42873,100307,190,18,45,Profile,5.82,Lifestyle
POST_00093,2024-07-13,Video,553,17,38,98,15258,28349,399,14,221,Home Feed,4.63,Education
POST_00473,2024-07-14,Reel,4233,350,297,686,43467,103537,126,15,509,Explore,12.81,Beauty
POST_00144,2024-07-14,Reel,1871,210,62,169,11563,28544,264,11,37,Explore,19.99,Lifestyle
POST_00143,2024-07-16,Photo,880,53,16,135,5703,8631,104,25,46,Profile,19.01,Education
POST_00303,2024-07-18,Photo,311,36,10,61,9133,15332,396,24,91,Direct,4.58,Lifestyle
POST_00114,2024-07-21,Video,84,5,1,8,2661,5587,371,19,24,Explore,3.68,Lifestyle
POST_00358,2024-07-21,Photo,102,11,6,14,1011,1652,227,12,14,Hashtag,13.16,Food
POST_00127,2024-07-23,Video,896,70,69,145,15518,22547,368,3,182,Hashtag,7.6,Travel
POST_00212,2024-07-23,Photo,1305,113,83,222,10771,21536,132,12,112,Hashtag,16.0,Travel
POST_00494,2024-07-23,Reel,301,16,7,28,10051,22426,292,9,115,Profile,3.5,Fashion
POST_00486,2024-07-23,Carousel,1757,207,45,91,24856,48490,173,4,284,Explore,8.45,Lifestyle
POST_00105,2024-07-24,Carousel,1127,64,20,109,14894,37135,69,12,185,Home Feed,8.86,Fitness
POST_00298,2024-07-24,Reel,2338,134,62,317,13125,21328,119,18,83,Home Feed,21.72,Beauty
POST_00337,2024-07-25,Carousel,508,38,30,71,8592,11957,354,21,104,Hashtag,7.53,Food
POST_00269,2024-07-25,Reel,7152,334,421,605,47759,92391,177,10,385,Direct,17.82,Technology
POST_00456,2024-07-27,Photo,756,23,37,52,11658,17041,384,11,53,Hashtag,7.45,Technology
POST_00253,2024-07-27,Carousel,643,52,18,56,6249,11926,260,6,52,Profile,12.31,Education
POST_00294,2024-07-27,Reel,3224,248,201,569,24508,53168,187,2,364,Hashtag,17.31,Beauty
POST_00466,2024-07-29,Reel,4668,537,110,533,26400,39875,176,5,178,Home Feed,22.15,Fitness
POST_00261,2024-07-29,Photo,2132,245,110,164,13595,20087,81,24,87,Home Feed,19.5,Lifestyle
POST_00462,2024-07-30,Photo,925,53,63,128,11829,17345,101,7,51,Explore,9.88,Technology
POST_00027,2024-08-02,Reel,3745,368,230,209,26804,37475,350,29,148,Home Feed,16.98,Fashion
POST_00346,2024-08-02,Photo,1179,112,53,222,12207,24845,238,13,130,Home Feed,12.83,Food
POST_00035,2024-08-04,Carousel,2513,156,89,183,16399,35780,109,9,165,Home Feed,17.93,Beauty
POST_00013,2024-08-04,Video,658,73,27,119,7109,17380,192,4,96,Home Feed,12.34,Fitness
POST_00206,2024-08-04,Reel,791,59,34,82,11116,17608,381,20,123,Explore,8.69,Fitness
POST_00140,2024-08-04,Carousel,174,11,8,32,3955,7498,113,21,24,Home Feed,5.69,Beauty
POST_00417,2024-08-04,Reel,1822,159,115,133,10495,25982,290,8,144,Profile,21.24,Beauty
POST_00307,2024-08-04,Photo,222,23,12,22,6208,12235,346,21,8,Hashtag,4.49,Education
POST_00260,2024-08-04,Reel,5564,614,140,608,43525,98502,118,18,166,Explore,15.91,Food
POST_00278,2024-08-04,Photo,847,87,10,122,6238,13376,75,23,14,Profile,17.09,Lifestyle
POST_00429,2024-08-06,Reel,2269,173,32,310,15617,23835,363,12,34,Hashtag,17.83,Fitness
POST_00125,2024-08-07,Reel,2535,255,66,305,21309,50131,353,11,115,Home Feed,14.83,Fitness
POST_00442,2024-08-08,Carousel,475,25,24,82,3145,4451,343,28,9,Explore,19.27,Fashion
POST_00258,2024-08-08,Photo,594,32,13,88,7294,10001,204,1,23,Profile,9.97,Food
POST_00160,2024-08-10,Video,673,24,18,88,14765,26536,88,14,148,Explore,5.44,Travel
POST_00383,2024-08-12,Photo,1210,79,86,69,13757,18929,25,20,167,Home Feed,10.5,Food
POST_00216,2024-08-12,Reel,3570,341,236,428,23309,29241,208,22,30,Explore,19.63,Beauty
POST_00426,2024-08-14,Photo,577,39,16,113,4097,5524,136,21,28,Explore,18.18,Fitness
POST_00284,2024-08-14,Reel,8161,356,596,1303,49912,95911,360,29,710,Home Feed,20.87,Beauty
POST_00276,2024-08-17,Photo,1119,84,30,209,13065,15836,129,25,188,Explore,11.04,Education
POST_00029,2024-08-17,Photo,483,45,7,39,3043,7318,134,28,26,Hashtag,18.86,Technology
POST_00218,2024-08-19,Video,2466,169,48,434,19658,44001,165,21,43,Home Feed,15.86,Fashion
POST_00162,2024-08-20,Photo,1045,107,63,106,10131,23906,35,9,31,Home Feed,13.04,Technology
POST_00073,2024-08-20,Reel,2896,185,79,247,38320,86956,392,10,207,Home Feed,8.89,Fashion
POST_00305,2024-08-20,Video,1345,120,66,146,7704,16476,42,29,60,Other,21.77,Fashion
POST_00363,2024-08-22,Photo,1737,166,102,271,12563,23536,86,22,75,Home Feed,18.12,Beauty
POST_00367,2024-08-22,Carousel,3689,114,175,488,24829,43663,188,7,149,Home Feed,17.99,Food
POST_00116,2024-08-22,Carousel,1406,50,37,83,18711,34844,275,20,114,Explore,8.42,Lifestyle
POST_00478,2024-08-23,Photo,688,56,12,122,10382,23553,174,19,108,Home Feed,8.46,Education
POST_00050,2024-08-23,Reel,1451,105,59,183,11368,22517,346,29,93,Direct,15.82,Beauty
POST_00281,2024-08-24,Carousel,369,34,26,47,6719,11569,310,20,57,Home Feed,7.08,Fashion
POST_00092,2024-08-24,Video,570,23,13,55,6109,9807,292,4,16,Hashtag,10.82,Lifestyle
POST_00262,2024-08-27,Carousel,665,73,18,48,4969,9230,305,28,8,Other,16.18,Food
POST_00146,2024-08-27,Reel,3966,286,231,308,36860,90212,310,8,551,Home Feed,13.0,Fitness
POST_00475,2024-08-28,Photo,262,23,8,15,2125,3925,284,29,30,Explore,14.49,Education
POST_00250,2024-08-30,Carousel,785,84,51,135,24726,54629,347,8,45,Explore,4.27,Travel
POST_00252,2024-08-30,Reel,859,99,50,91,11570,16552,201,24,135,Explore,9.5,Fitness
POST_00200,2024-08-31,Video,1331,69,80,204,12552,25836,207,11,61,Explore,13.42,Technology
POST_00324,2024-09-01,Reel,1108,103,65,106,6367,13239,169,19,12,Home Feed,21.71,Fitness
POST_00296,2024-09-03,Photo,1217,143,85,154,14380,35166,355,3,205,Hashtag,11.12,Fashion
POST_00244,2024-09-05,Reel,5551,217,128,828,40057,95920,317,18,343,Explore,16.79,Lifestyle
POST_00194,2024-09-05,Photo,752,57,19,66,4432,7333,51,25,55,Profile,20.17,Education
POST_00295,2024-09-05,Reel,5715,199,379,700,47287,69191,45,20,500,Profile,14.79,Travel
POST_00311,2024-09-06,Photo,353,33,18,38,10539,12690,321,17,151,Profile,4.19,Food
POST_00183,2024-09-07,Carousel,2573,137,123,413,23939,49895,346,19,328,Other,13.56,Education
POST_00412,2024-09-07,Carousel,1134,103,32,171,15149,36628,146,13,204,Home Feed,9.51,Fashion
POST_00132,2024-09-09,Reel,699,33,33,114,5956,13103,57,5,69,Hashtag,14.76,Fashion
POST_00113,2024-09-12,Carousel,1264,90,14,98,19082,25405,373,16,235,Explore,7.68,Education
POST_00165,2024-09-13,Reel,4580,315,309,868,38142,61409,184,17,348,Explore,15.92,Technology
POST_00325,2024-09-14,Carousel,989,44,36,130,11189,25135,307,18,55,Other,10.72,Technology
POST_00411,2024-09-15,Reel,2379,164,101,204,47435,91465,149,16,430,Profile,6.0,Travel
POST_00019,2024-09-15,Photo,486,31,33,70,5167,9225,25,17,5,Home Feed,12.0,Education
POST_00167,2024-09-16,Reel,1022,45,44,137,9648,17066,216,3,55,Home Feed,12.94,Technology
POST_00172,2024-09-16,Reel,3811,450,266,196,37781,68002,119,4,148,Explore,12.5,Food
POST_00374,2024-09-16,Photo,1014,80,51,175,10206,14018,306,8,40,Profile,12.93,Fashion
POST_00329,2024-09-17,Photo,200,6,15,22,3772,4904,258,23,16,Home Feed,6.44,Fitness
POST_00131,2024-09-17,Photo,281,14,11,48,8005,17240,272,21,52,Home Feed,4.42,Fashion
POST_00493,2024-09-17,Reel,676,46,19,51,8713,18337,294,3,53,Hashtag,9.09,Lifestyle
POST_00240,2024-09-20,Reel,3839,342,96,432,30611,48110,353,26,366,Profile,15.38,Food
POST_00217,2024-09-21,Reel,169,6,7,20,5619,13817,98,18,82,Hashtag,3.59,Fitness
POST_00350,2024-09-24,Photo,2335,111,68,317,13040,17654,149,26,86,Explore,21.71,Technology
POST_00389,2024-09-27,Video,511,55,31,37,5610,8789,177,15,38,Explore,11.3,Lifestyle
POST_00204,2024-09-27,Carousel,4039,326,101,355,22576,29502,106,10,329,Direct,21.35,Fashion
POST_00147,2024-09-27,Photo,627,69,15,63,6631,12162,291,10,48,Home Feed,11.67,Lifestyle
POST_00326,2024-09-28,Video,967,96,25,108,11013,17078,380,5,64,Explore,10.86,Beauty
POST_00179,2024-09-28,Carousel,303,36,7,59,5113,9581,270,25,62,Hashtag,7.92,Lifestyle
POST_00196,2024-09-29,Reel,485,47,17,55,11276,23226,303,9,86,Home Feed,5.36,Technology
POST_00089,2024-09-30,Carousel,2114,210,79,189,24288,46496,272,12,234,Explore,10.67,Education
POST_00051,2024-10-01,Carousel,2100,229,24,262,17056,31901,128,26,37,Hashtag,15.33,Fashion
POST_00154,2024-10-01,Photo,289,12,18,35,2394,3339,149,14,24,Explore,14.79,Fashion
POST_00275,2024-10-01,Photo,257,29,18,48,2198,3956,226,26,19,Direct,16.01,Lifestyle
POST_00496,2024-10-01,Reel,276,26,18,53,7475,17299,196,21,96,Hashtag,4.99,Technology
POST_00372,2024-10-02,Reel,5078,474,149,424,29596,53143,333,16,258,Other,20.7,Food
POST_00122,2024-10-02,Carousel,1976,69,53,231,11946,22520,53,7,71,Home Feed,19.5,Food
POST_00208,2024-10-03,Photo,1063,32,70,184,11404,22945,132,8,76,Home Feed,11.83,Fitness
POST_00246,2024-10-03,Carousel,1384,69,81,142,8370,18259,198,24,34,Home Feed,20.02,Education
POST_00178,2024-10-03,Reel,4192,484,306,284,40984,52731,176,22,239,Explore,12.85,Education
POST_00289,2024-10-03,Reel,4476,149,225,790,35659,79124,296,2,99,Home Feed,15.82,Travel
POST_00318,2024-10-04,Reel,2784,272,196,426,36116,73496,21,15,126,Home Feed,10.18,Education
POST_00384,2024-10-05,Carousel,840,35,47,104,7882,17157,122,13,88,Home Feed,13.02,Travel
POST_00010,2024-10-06,Video,1612,162,46,243,10712,19332,61,7,54,Hashtag,19.26,Education
POST_00026,2024-10-06,Video,341,39,21,64,8154,14017,171,8,91,Home Feed,5.7,Fitness
POST_00436,2024-10-06,Video,597,40,9,59,14337,18465,332,9,17,Direct,4.92,Fashion
POST_00201,2024-10-08,Photo,253,22,14,30,1575,3455,89,28,22,Hashtag,20.25,Technology
POST_00285,2024-10-08,Photo,1136,123,90,197,13875,29872,217,7,177,Home Feed,11.14,Lifestyle
POST_00427,2024-10-09,Photo,288,34,10,48,5616,7843,185,10,54,Hashtag,6.77,Lifestyle
POST_00055,2024-10-09,Photo,1562,88,69,180,8833,20376,331,12,56,Explore,21.5,Beauty
POST_00440,2024-10-09,Reel,3038,147,201,577,36910,66282,337,20,518,Hashtag,10.74,Food
POST_00392,2024-10-10,Photo,1678,88,133,275,14467,34404,228,7,72,Home Feed,15.03,Fitness
POST_00226,2024-10-10,Reel,3013,359,221,572,30619,41841,90,23,287,Home Feed,13.6,Fitness
POST_00400,2024-10-10,Video,129,10,4,7,3286,4086,75,6,11,Profile,4.56,Technology
POST_00149,2024-10-10,Reel,4624,164,336,807,48585,92911,141,29,321,Home Feed,12.21,Food
POST_00309,2024-10-11,Video,219,12,2,37,2488,4320,354,23,8,Explore,10.85,Beauty
POST_00097,2024-10-12,Photo,1928,103,120,176,12148,17989,357,12,104,Home Feed,19.16,Fashion
POST_00455,2024-10-13,Reel,1561,84,94,102,21014,46696,93,14,285,Explore,8.76,Beauty
POST_00022,2024-10-14,Reel,3875,117,291,460,34009,70207,304,22,349,Profile,13.95,Beauty
POST_00430,2024-10-14,Reel,5604,258,138,1008,43520,100348,385,12,148,Explore,16.1,Lifestyle
POST_00121,2024-10-14,Video,596,43,31,116,16025,32227,20,16,140,Explore,4.9,Fashion
POST_00369,2024-10-15,Reel,4770,559,181,543,31987,73394,170,26,289,Home Feed,18.92,Beauty
POST_00349,2024-10-16,Reel,3679,377,203,205,40757,90535,336,3,353,Hashtag,10.95,Education
POST_00191,2024-10-17,Reel,1241,138,99,236,10724,23150,302,29,151,Home Feed,15.98,Food
POST_00109,2024-10-17,Reel,1376,44,84,122,29363,44365,98,21,133,Explore,5.54,Fitness
POST_00339,2024-10-18,Photo,1105,125,15,94,13592,23979,46,8,152,Other,9.85,Fitness
POST_00248,2024-10-19,Carousel,1706,56,115,188,15504,35575,147,10,139,Home Feed,13.32,Fitness
POST_00060,2024-10-22,Reel,5033,443,281,430,37857,64160,256,1,131,Home Feed,16.34,Travel
POST_00249,2024-10-22,Carousel,944,43,53,165,18398,39501,39,24,66,Other,6.55,Fashion
POST_00317,2024-10-23,Photo,1519,180,81,226,8761,15991,166,1,20,Home Feed,22.9,Fashion
POST_00341,2024-10-23,Photo,2232,207,127,391,12760,18971,116,25,116,Direct,23.17,Lifestyle
POST_00126,2024-10-25,Photo,1159,138,29,173,7078,12632,396,15,12,Home Feed,21.18,Education
POST_00439,2024-10-25,Video,368,19,18,29,9227,12052,396,22,112,Home Feed,4.7,Education
POST_00348,2024-10-25,Reel,3155,172,185,181,30537,61899,88,29,208,Home Feed,12.09,Lifestyle
POST_00323,2024-10-26,Photo,345,27,14,28,4712,9351,345,10,65,Home Feed,8.79,Technology
POST_00124,2024-10-26,Reel,5728,657,214,498,44004,60282,255,5,56,Explore,16.13,Lifestyle
POST_00225,2024-10-28,Reel,2705,305,169,258,30892,63434,342,24,54,Home Feed,11.13,Beauty
POST_00228,2024-10-28,Reel,1561,153,80,296,32420,78019,165,9,206,Home Feed,6.45,Education
POST_00030,2024-10-28,Reel,3910,222,140,335,25581,48653,303,6,148,Hashtag,18.01,Technology
POST_00012,2024-10-29,Carousel,2137,147,30,176,12208,23573,210,14,131,Home Feed,20.4,Technology
POST_00342,2024-10-31,Photo,802,75,46,157,7059,13960,55,16,89,Hashtag,15.3,Education
POST_00333,2024-10-31,Reel,6195,584,493,675,39958,84710,64,1,263,Explore,19.89,Lifestyle
POST_00141,2024-11-01,Carousel,1547,140,27,288,9295,13754,112,8,17,Hashtag,21.54,Fitness
POST_00145,2024-11-01,Reel,3571,200,71,280,30849,69163,41,6,315,Hashtag,13.36,Travel
POST_00181,2024-11-02,Reel,1352,159,96,81,18760,40496,116,18,39,Home Feed,9.0,Fitness
POST_00020,2024-11-04,Reel,1716,149,113,278,31589,68959,234,25,151,Profile,7.14,Technology
POST_00404,2024-11-05,Video,1122,96,78,164,9052,17127,34,12,78,Hashtag,16.13,Fitness
POST_00047,2024-11-05,Reel,1161,123,16,146,14127,22563,243,3,182,Direct,10.24,Food
POST_00205,2024-11-06,Photo,207,20,11,28,4178,10270,389,21,14,Explore,6.37,Technology
POST_00086,2024-11-07,Reel,3829,348,290,743,38662,47691,135,14,52,Explore,13.48,Beauty
POST_00173,2024-11-07,Photo,206,20,14,35,5599,11356,361,10,10,Profile,4.91,Food
POST_00387,2024-11-09,Reel,1760,101,126,192,11012,14201,109,14,31,Profile,19.79,Beauty
POST_00058,2024-11-12,Reel,2697,260,171,144,20525,27734,398,26,111,Direct,15.94,Lifestyle
POST_00344,2024-11-13,Photo,1466,165,111,124,12530,31298,74,26,164,Explore,14.89,Beauty
POST_00457,2024-11-13,Reel,2796,326,158,550,38755,59535,293,10,158,Hashtag,9.88,Fitness
POST_00368,2024-11-14,Carousel,934,87,41,53,19173,44760,188,26,178,Profile,5.82,Fitness
POST_00169,2024-11-16,Reel,1443,70,94,266,35523,81458,341,1,230,Hashtag,5.27,Food
POST_00057,2024-11-17,Reel,2358,209,40,174,48201,116153,54,12,112,Direct,5.77,Education
POST_00137,2024-11-17,Photo,1851,80,71,206,11971,18408,376,6,32,Hashtag,18.44,Lifestyle
POST_00233,2024-11-19,Photo,975,112,20,108,11724,23410,212,22,147,Home Feed,10.36,Technology
POST_00409,2024-11-20,Carousel,1306,131,32,110,9441,19476,339,29,12,Profile,16.72,Lifestyle
POST_00416,2024-11-20,Photo,387,44,30,42,6291,13526,32,7,72,Profile,8.0,Travel
POST_00074,2024-11-21,Video,756,45,34,114,5911,8111,197,9,16,Explore,16.05,Food
POST_00087,2024-11-21,Video,401,23,28,60,2514,3458,289,3,12,Direct,20.37,Beauty
POST_00423,2024-11-22,Reel,908,35,28,180,28253,69604,44,4,149,Hashtag,4.07,Food
POST_00095,2024-11-23,Video,2067,212,141,377,12326,16484,135,19,94,Home Feed,22.69,Fashion
POST_00001,2024-11-23,Reel,333,10,8,23,5526,11306,163,17,44,Home Feed,6.77,Fitness
POST_00171,2024-11-23,Photo,222,23,5,21,2646,6277,382,7,29,Profile,10.24,Education
POST_00492,2024-11-24,Photo,1096,123,25,144,7704,10826,317,5,105,Hashtag,18.02,Lifestyle
POST_00156,2024-11-24,Reel,5608,435,242,781,47229,101946,104,12,475,Profile,14.96,Beauty
POST_00115,2024-11-25,Photo,566,32,40,107,5644,7229,208,6,63,Explore,13.2,Lifestyle
POST_00266,2024-11-26,Video,928,69,58,69,12225,24052,61,16,77,Direct,9.19,Food
POST_00361,2024-11-26,Reel,2890,129,186,380,16556,37767,54,13,246,Profile,21.65,Fitness
POST_00084,2024-11-27,Reel,998,116,34,101,21405,35913,194,20,206,Home Feed,5.84,Travel
POST_00214,2024-11-28,Reel,3497,206,226,284,22774,46392,190,14,280,Explore,18.5,Fitness
POST_00024,2024-11-28,Reel,6360,598,152,407,46125,110945,356,16,429,Explore,16.3,Fashion
POST_00288,2024-11-29,Photo,749,51,20,98,5909,9820,238,21,19,Hashtag,15.54,Fitness
POST_00265,2024-11-30,Carousel,532,38,34,60,7470,14229,145,12,58,Hashtag,8.89,Fitness
POST_00388,2024-11-30,Reel,2152,120,51,278,12151,15482,245,18,56,Explore,21.41,Travel
POST_00112,2024-12-01,Reel,1993,199,31,379,44825,71462,380,7,608,Explore,5.8,Beauty
POST_00347,2024-12-02,Photo,1005,108,58,113,8117,14185,204,19,24,Home Feed,15.82,Food
POST_00484,2024-12-03,Photo,454,21,20,45,8843,13912,236,16,61,Home Feed,6.11,Beauty
POST_00199,2024-12-03,Carousel,1389,131,59,80,16994,22566,247,26,203,Profile,9.76,Food
POST_00257,2024-12-03,Carousel,1720,169,49,260,15115,21376,338,24,108,Hashtag,14.54,Fitness
POST_00310,2024-12-04,Reel,2423,143,153,465,44882,94445,181,20,106,Hashtag,7.09,Travel
POST_00065,2024-12-04,Reel,2189,122,50,201,14078,22469,238,12,210,Profile,18.2,Fitness
POST_00394,2024-12-05,Video,1110,90,80,80,18489,28723,93,28,146,Explore,7.36,Fitness
POST_00452,2024-12-07,Photo,369,30,5,60,9853,22152,168,13,131,Home Feed,4.71,Technology
POST_00391,2024-12-07,Carousel,1431,145,94,244,9894,15049,145,24,81,Profile,19.35,Fashion
POST_00467,2024-12-08,Reel,4644,183,205,424,38537,68850,242,19,151,Home Feed,14.16,Fashion
POST_00243,2024-12-08,Carousel,3563,401,162,679,22124,50895,351,19,318,Home Feed,21.72,Lifestyle
POST_00354,2024-12-08,Reel,5965,638,134,308,48461,94180,355,26,506,Direct,14.54,Fitness
POST_00080,2024-12-09,Reel,2621,203,82,456,37975,54201,67,16,438,Explore,8.85,Beauty
POST_00213,2024-12-09,Photo,244,12,12,24,3203,7069,248,29,24,Home Feed,9.12,Fashion
POST_00360,2024-12-09,Photo,346,22,3,67,5399,6648,173,18,73,Home Feed,8.11,Lifestyle
POST_00264,2024-12-10,Photo,247,24,16,13,1891,4070,231,20,15,Home Feed,15.86,Lifestyle
POST_00335,2024-12-11,Reel,1294,50,71,67,17178,32164,298,24,252,Direct,8.63,Travel
POST_00009,2024-12-12,Photo,448,26,11,34,2763,5940,102,22,30,Profile,18.78,Travel
POST_00495,2024-12-13,Photo,1254,86,28,187,11756,18948,95,29,159,Hashtag,13.23,Fitness
POST_00151,2024-12-14,Carousel,1704,52,77,273,14171,32560,132,23,189,Home Feed,14.86,Technology
POST_00139,2024-12-14,Reel,2099,183,113,383,44443,61253,75,26,647,Home Feed,6.25,Travel
POST_00450,2024-12-15,Reel,3283,186,103,308,22014,28198,222,7,243,Home Feed,17.63,Travel
POST_00153,2024-12-15,Reel,3322,233,37,309,34426,63161,355,23,221,Home Feed,11.33,Travel
POST_00083,2024-12-15,Reel,3759,269,123,320,32961,45825,391,20,369,Home Feed,13.56,Technology
POST_00099,2024-12-16,Reel,3101,174,163,603,18612,38066,225,14,33,Explore,21.71,Fitness
POST_00408,2024-12-17,Reel,1815,65,27,171,13636,16750,228,23,51,Profile,15.24,Technology
POST_00096,2024-12-18,Photo,920,37,64,147,12787,25996,170,2,117,Explore,9.13,Fashion
POST_00434,2024-12-19,Reel,1774,171,125,198,40993,95029,235,1,270,Direct,5.53,Travel
POST_00209,2024-12-19,Reel,2926,181,187,355,31928,54166,32,4,262,Home Feed,11.43,Beauty
POST_00308,2024-12-22,Reel,413,28,10,62,11924,20377,127,10,67,Explore,4.3,Education
POST_00034,2024-12-23,Carousel,680,23,19,111,6762,8897,97,7,93,Home Feed,12.32,Fitness
POST_00025,2024-12-25,Photo,1759,158,93,216,10759,16192,193,26,13,Hashtag,20.69,Education
POST_00082,2024-12-25,Photo,1652,51,126,274,12653,21741,22,2,101,Explore,16.62,Technology
POST_00471,2024-12-25,Reel,5612,614,385,477,34371,44158,395,15,180,Other,20.62,Technology
POST_00385,2024-12-26,Video,1673,180,41,194,16113,33096,29,9,153,Hashtag,12.96,Beauty
POST_00062,2024-12-26,Reel,1201,113,25,190,21369,49757,26,14,154,Profile,7.16,Technology
POST_00428,2024-12-27,Carousel,2773,100,158,412,19393,28952,60,25,41,Home Feed,17.75,Food
POST_00232,2024-12-28,Photo,222,25,12,26,5293,9375,89,6,66,Hashtag,5.38,Education
